drop table job;
drop table employee;
drop table project;
drop table assignment;

CREATE TABLE JOB
(
JOB_CODE                       NUMBER(3) NOT NULL,
JOB_DESCRIPTION                CHAR(40) NOT NULL,
JOB_CHG_HOUR                   NUMBER(6) NOT NULL,
JOB_LAST_UPDATE                CHAR(9) NOT NULL , 

PRIMARY KEY (JOB_CODE)
);

CREATE TABLE EMPLOYEE
(
EMP_NUM                         NUMBER(3) NOT NULL,
EMP_LNAME                       VARCHAR2(20) NOT NULL, 
EMP_FNAME                       CHAR(20) NOT NULL, 
EMP_INITIAL                     CHAR(1) NULL,
EMP_HIREDATE                    CHAR(10) NOT NULL,
JOB_CODE                        NUMBER(3) NOT NULL,
EMP_YEARS                       NUMBER(2) NOT NULL,

PRIMARY KEY (EMP_NUM),

FOREIGN KEY (JOB_CODE) REFERENCES JOB(JOB_CODE)
);

CREATE TABLE ASSIGNMENT
(
ASSIGN_NUM                          NUMBER(4) NOT NULL,
ASSIGN_DATE                         CHAR(9) NOT NULL, 
PROJ_NUM                            NUMBER(2) NOT NULL, 
EMP_NUM                             NUMBER(3) NULL,
ASSIGN_CHG_HR                       NUMBER(5) NOT NULL,
ASSIGN_HOURS                        NUMBER(3) NOT NULL,
ASSIGN_CHARGE                       NUMBER(5) NOT NULL,

PRIMARY KEY (ASSIGN_NUM),
FOREIGN KEY (JOB_CODE) REFERENCES JOB(JOB_CODE)
);

CREATE TABLE PROJECT
(
PROJ_NUM                           NUMBER(2) NOT NULL,
PROJ_NAME                          CHAR(20) NOT NULL,
PROJ_VALUE                         NUMBER(8) NOT NULL,
PROJ_BALANCE                       NUMBER(8) NOT NULL,                            
EMP_NUM                             NUMBER(3) NOT NULL,

PRIMARY KEY (PROJ_NUM),
FOREIGN KEY (EMP_NUM) REFERENCES EMPLOYEE(EMP_NUM)
);

INSERT INTO JOB VALUES (500, 'Programmer', 35.75, '20-NOV-17');
INSERT INTO JOB VALUES (501, 'Systems Analyst', 96.75, '20-NOV-17');
INSERT INTO JOB VALUES (502, 'Database Designer', 125.00, '24-MAR-18');
INSERT INTO JOB VALUES (503, 'Electrical Engineer', 84.50, '20-NOV-17');
INSERT INTO JOB VALUES (504, 'Mechanical Engineer', 67.90, '20-NOV-17');
INSERT INTO JOB VALUES (505, 'Civil Engineer', 55.78, '20-NOV-17');
INSERT INTO JOB VALUES (506, 'Clerical Support', 26.87, '20-NOV-17');
INSERT INTO JOB VALUES (507, 'DSS Analyst', 45.95, '20-NOV-17');
INSERT INTO JOB VALUES (508, 'Applications Designer', 48.10, '24-MAR-18');
INSERT INTO JOB VALUES (509, 'Bio Technician', 34.55, '20-NOV-17');
INSERT INTO JOB VALUES (510, 'General Support', 18.36, '20-NOV-17');

INSERT INTO EMPLOYEE VALUES(101, 'News', 'John', 'G', '08-NOV-00', 502, 14);
INSERT INTO EMPLOYEE VALUES(102, 'Senior', 'David', 'H', '12-JUL-89', 501, 25);
INSERT INTO EMPLOYEE VALUES(103, 'Arbough', 'June', 'E', '01-DEC-96', 500, 18);
INSERT INTO EMPLOYEE VALUES(104, 'Ramoras', 'Anne', 'K', '15-NOV-87', 501, 27);
INSERT INTO EMPLOYEE VALUES(105, 'Johnson', 'Alice', 'K', '01-FEB-93', 502, 22);
INSERT INTO EMPLOYEE VALUES(106, 'Smithfield', 'William', '', '22-JUN-04', 500, 10);
INSERT INTO EMPLOYEE VALUES(107, 'Alonzo', 'Maria', 'D', '10-OCT-93', 500, 21);
INSERT INTO EMPLOYEE VALUES(108, 'Washington', 'Ralph', 'B', '22-AUG-91', 501, 23);
INSERT INTO EMPLOYEE VALUES(109, 'Smith', 'Larry', 'W', '18-JUL-97', 501, 17);
INSERT INTO EMPLOYEE VALUES(110, 'Olenko', 'Gerald', 'A', '11-DEC-95', 505, 19);
INSERT INTO EMPLOYEE VALUES(111, 'Wabash', 'Geoff', 'B', '04-APR-91', 506, 24);
INSERT INTO EMPLOYEE VALUES(112, 'Smithson', 'Darlene', 'M', '23-OCT-94', 507, 20);
INSERT INTO EMPLOYEE VALUES(113, 'Joenbrood', 'Delbert', 'K', '15-NOV-96', 508, 18);
INSERT INTO EMPLOYEE VALUES(114, 'Jones', 'Annelise', '', '20-AUG-93', 508, 21);
INSERT INTO EMPLOYEE VALUES(115, 'Bawangi', 'Travis', 'B', '25-JAN-92', 501, 23);
INSERT INTO EMPLOYEE VALUES(116, 'Pratt', 'Gerald', 'L', '05-MAR-97', 510, 18);
INSERT INTO EMPLOYEE VALUES(117, 'Williamson', 'Angie', 'H', '19-JUN-96', 509, 18);
INSERT INTO EMPLOYEE VALUES(118, 'Frommer', 'James', 'J', '04-JAN-05', 510, 10);

INSERT INTO ASSIGNMENT VALUES(1001, '22-MAR-18', 18, 103, 84.5, 3.5, 295.75);
INSERT INTO ASSIGNMENT VALUES(1002, '22-MAR-18', 22, 117, 34.55, 4.2, 145.11);
INSERT INTO ASSIGNMENT VALUES(1003, '22-MAR-18', 18, 117, 34.55, 2, 69.1);
INSERT INTO ASSIGNMENT VALUES(1004, '22-MAR-18', 18, 103, 84.5, 5.9, 498.55);
INSERT INTO ASSIGNMENT VALUES(1005, '22-MAR-18', 25, 108, 96.75, 2.2, 212.85);
INSERT INTO ASSIGNMENT VALUES(1006, '22-MAR-18', 22, 104, 96.75, 4.2, 406.35);
INSERT INTO ASSIGNMENT VALUES(1007, '22-MAR-18', 25, 113, 50.75, 3.8, 192.85);
INSERT INTO ASSIGNMENT VALUES(1008, '22-MAR-18', 18, 103, 84.5, 0.9, 76.05);
INSERT INTO ASSIGNMENT VALUES(1009, '23-MAR-18', 15, 115, 96.75, 5.6, 541.8);
INSERT INTO ASSIGNMENT VALUES(1010, '23-MAR-18', 15, 117, 34.55, 2.4, 82.92);
INSERT INTO ASSIGNMENT VALUES(1011, '23-MAR-18', 25, 105, 105, 4.3, 451.5);
INSERT INTO ASSIGNMENT VALUES(1012, '23-MAR-18', 18, 108, 96.75, 3.4, 328.95);
INSERT INTO ASSIGNMENT VALUES(1013, '23-MAR-18', 25, 115, 96.75, 2, 193.5);
INSERT INTO ASSIGNMENT VALUES(1014, '23-MAR-18', 22, 104, 96.75, 2.8, 270.9);
INSERT INTO ASSIGNMENT VALUES(1015, '23-MAR-18', 15, 103, 84.5, 6.1, 515.45);
INSERT INTO ASSIGNMENT VALUES(1016, '23-MAR-18', 22, 105, 105, 4.7, 493.5);
INSERT INTO ASSIGNMENT VALUES(1017, '23-MAR-18', 18, 117, 34.55, 3.8, 131.29);
INSERT INTO ASSIGNMENT VALUES(1018, '23-MAR-18', 25, 117, 34.55, 2.2, 76.01);
INSERT INTO ASSIGNMENT VALUES(1019, '24-MAR-18', 25, 104, 110.5, 4.9, 541.45);
INSERT INTO ASSIGNMENT VALUES(1020, '24-MAR-18', 15, 101, 125, 3.1, 387.5);
INSERT INTO ASSIGNMENT VALUES(1021, '24-MAR-18', 22, 118, 110.5, 2.7, 298.35);
INSERT INTO ASSIGNMENT VALUES(1022, '24-MAR-18', 22, 115, 110.5, 4.9, 541.45);
INSERT INTO ASSIGNMENT VALUES(1023, '24-MAR-18', 22, 105, 125, 3.5, 437.5);
INSERT INTO ASSIGNMENT VALUES(1024, '24-MAR-18', 15, 103, 84.5, 3.3, 278.85);
INSERT INTO ASSIGNMENT VALUES(1025, '24-MAR-18', 18, 117, 34.55, 4.2, 145.11);

INSERT INTO PROJECT VALUES(15, 'Evergreen', 1453500, 1002350, 103);
INSERT INTO PROJECT VALUES(18, 'Amber Wave', 3500500, 2110346, 108);
INSERT INTO PROJECT VALUES(22, 'Rolling Tide', 805000, 500345.2, 102);
INSERT INTO PROJECT VALUES(25, 'Starflight', 2650500, 2309880, 107);

COMMIT;

SELECT * FROM EMPLOYEE
